Pressure,Temperature,Flowrate
40.0,290.0,2.0
70.0,290.0,2.0
40.0,350.0,2.0
70.0,350.0,2.0
40.0,290.0,6.0
70.0,290.0,6.0
40.0,350.0,6.0
70.0,350.0,6.0
55.0,320.0,4.0
55.0,320.0,4.0
28.167184270002522,320.0,4.0
81.83281572999748,320.0,4.0
55.0,266.3343685400051,4.0
55.0,373.6656314599949,4.0
55.0,320.0,0.4222912360003366
55.0,320.0,7.577708763999663
55.0,320.0,4.0
55.0,320.0,4.0
